"Class","Method","URI","Host-Header","Host","Connection","Accept","Accept-Charset","Accept-Language","Cache-control","Cookie","Pragma","User-Agent","Content-Length","Content-Type","POST-Data","GET-Query"
"Valid","GET","/tienda1/index.jsp","HTTP/1.1","localhost:8080","close","text/xml,application/xml,application/xhtml+xml,text/html;q=0.9,text/plain;q=0.8,image/png,*/*;q=0.5","utf-8, utf-8;q=0.5, *;q=0.5","en","no-cache","JSESSIONID=EA414B3E327DED6875848530C864BD8F","no-cache","Mozilla/5.0 (compatible; Konqueror/3.5; Linux) KHTML/3.5.8 (like Gecko)","","","",""
"Valid","GET","/tienda1/publico/anadir.jsp","HTTP/1.1","localhost:8080","close","text/xml,application/xml,application/xhtml+xml,text/html;q=0.9,text/plain;q=0.8,image/png,*/*;q=0.5","utf-8, utf-8;q=0.5, *;q=0.5","en","no-cache","JSESSIONID=54E25FF4B7F0E4E855B112F882E9EEA5","no-cache","Mozilla/5.0 (compatible; Konqueror/3.5; Linux) KHTML/3.5.8 (like Gecko)","","","","id=1&nombre=Jam%F3n+Ib%E9rico&precio=39&cantidad=41&B1=A%F1adir+al+carrito"
"Valid","POST","/tienda1/publico/anadir.jsp","HTTP/1.1","localhost:8080","close","text/xml,application/xml,application/xhtml+xml,text/html;q=0.9,text/plain;q=0.8,image/png,*/*;q=0.5","utf-8, utf-8;q=0.5, *;q=0.5","en","no-cache","JSESSIONID=788887A0F479749C4CEEA1E268B4A501","no-cache","Mozilla/5.0 (compatible; Konqueror/3.5; Linux) KHTML/3.5.8 (like Gecko)","74","application/x-www-form-urlencoded","id=1&nombre=Jam%F3n+Ib%E9rico&precio=39&cantidad=41&B1=A%F1adir+al+carrito",""
"Valid","GET","/tienda1/publico/autenticar.jsp","HTTP/1.1","localhost:8080","close","text/xml,application/xml,application/xhtml+xml,text/html;q=0.9,text/plain;q=0.8,image/png,*/*;q=0.5","utf-8, utf-8;q=0.5, *;q=0.5","en","no-cache","JSESSIONID=94ECD5EE8EF7EFE4BB26C701B150ED7B","no-cache","Mozilla/5.0 (compatible; Konqueror/3.5; Linux) KHTML/3.5.8 (like Gecko)","","","","modo=entrar&login=caria&pwd=egipciaca&remember=off&B1=Entrar"
"Valid","POST","/tienda1/publico/autenticar.jsp","HTTP/1.1","localhost:8080","close","text/xml,application/xml,application/xhtml+xml,text/html;q=0.9,text/plain;q=0.8,image/png,*/*;q=0.5","utf-8, utf-8;q=0.5, *;q=0.5","en","no-cache","JSESSIONID=23391DBBADEC19FE01E02D201F278C6A","no-cache","Mozilla/5.0 (compatible; Konqueror/3.5; Linux) KHTML/3.5.8 (like Gecko)","60","application/x-www-form-urlencoded","modo=entrar&login=caria&pwd=egipciaca&remember=off&B1=Entrar",""
"Valid","GET","/tienda1/publico/caracteristicas.jsp","HTTP/1.1","localhost:8080","close","text/xml,application/xml,application/xhtml+xml,text/html;q=0.9,text/plain;q=0.8,image/png,*/*;q=0.5","utf-8, utf-8;q=0.5, *;q=0.5","en","no-cache","JSESSIONID=98D39BB41546D2A0C7E89F02B01A97F8","no-cache","Mozilla/5.0 (compatible; Konqueror/3.5; Linux) KHTML/3.5.8 (like Gecko)","","","","id=2"
"Valid","POST","/tienda1/publico/caracteristicas.jsp","HTTP/1.1","localhost:8080","close","text/xml,application/xml,application/xhtml+xml,text/html;q=0.9,text/plain;q=0.8,image/png,*/*;q=0.5","utf-8, utf-8;q=0.5, *;q=0.5","en","no-cache","JSESSIONID=FED1AE17BB73232DE364A4DF3B701615","no-cache","Mozilla/5.0 (compatible; Konqueror/3.5; Linux) KHTML/3.5.8 (like Gecko)","4","application/x-www-form-urlencoded","id=2",""
"Valid","GET","/tienda1/publico/carrito.jsp","HTTP/1.1","localhost:8080","close","text/xml,application/xml,application/xhtml+xml,text/html;q=0.9,text/plain;q=0.8,image/png,*/*;q=0.5","utf-8, utf-8;q=0.5, *;q=0.5","en","no-cache","JSESSIONID=CBAFAE97F1CE14D899201A5E2C5BE9BD","no-cache","Mozilla/5.0 (compatible; Konqueror/3.5; Linux) KHTML/3.5.8 (like Gecko)","","","",""
"Valid","GET","/tienda1/publico/entrar.jsp","HTTP/1.1","localhost:8080","close","text/xml,application/xml,application/xhtml+xml,text/html;q=0.9,text/plain;q=0.8,image/png,*/*;q=0.5","utf-8, utf-8;q=0.5, *;q=0.5","en","no-cache","JSESSIONID=95C9B50C46067E48242868D8C73A2000","no-cache","Mozilla/5.0 (compatible; Konqueror/3.5; Linux) KHTML/3.5.8 (like Gecko)","","","","errorMsg=Credenciales+incorrectas"
